{
    "Blends": {
        "preset01": {
            "Header21": "",
            "Customsetup": false,
            "Header16": "",
            "Header17": "",
            "Projector1blend": 0.734000027179718,
            "Projector1luminance": 0.5889999866485596,
            "Projector1gamma1": 1.29,
            "Projector1gamma2": 1.29,
            "Projector1gamma3": 1.29,
            "Header18": "",
            "Projector2blend": 0.6610000133514404,
            "Projector2luminance": 0.67,
            "Projector2gamma1": 2.6,
            "Projector2gamma2": 2.6,
            "Projector2gamma3": 2.6,
            "Header19": "",
            "Projector3blend": 0.7160000205039978,
            "Projector3luminance": 1.0,
            "Projector3gamma1": 1.8,
            "Projector3gamma2": 1.8,
            "Projector3gamma3": 1.8,
            "Header20": "",
            "Projector4blend": 0.12399999797344208,
            "Projector4luminance": 0.527,
            "Projector4gamma1": 1.8,
            "Projector4gamma2": 1.8,
            "Projector4gamma3": 1.8
        },
        "preset03": {
            "Header21": "",
            "Customsetup": false,
            "Header16": "",
            "Header17": "",
            "Projector1blend": 0.734000027179718,
            "Projector1luminance": 0.5889999866485596,
            "Projector1gamma1": 1.29,
            "Projector1gamma2": 1.29,
            "Projector1gamma3": 1.29,
            "Header18": "",
            "Projector2blend": 0.6610000133514404,
            "Projector2luminance": 0.67,
            "Projector2gamma1": 2.6,
            "Projector2gamma2": 2.6,
            "Projector2gamma3": 2.6,
            "Header19": "",
            "Projector3blend": 0.7160000205039978,
            "Projector3luminance": 1.0,
            "Projector3gamma1": 1.8,
            "Projector3gamma2": 1.8,
            "Projector3gamma3": 1.8,
            "Header20": "",
            "Projector4blend": 0.12399999797344208,
            "Projector4luminance": 0.527,
            "Projector4gamma1": 1.8,
            "Projector4gamma2": 1.8,
            "Projector4gamma3": 1.8
        },
        "preset02": {
            "Header21": "",
            "Customsetup": false,
            "Header16": "",
            "Header17": "",
            "Projector1blend": 0.23800000548362732,
            "Projector1luminance": 0.5889999866485596,
            "Projector1gamma1": 1.29,
            "Projector1gamma2": 1.29,
            "Projector1gamma3": 1.29,
            "Header18": "",
            "Projector2blend": 0.6610000133514404,
            "Projector2luminance": 0.67,
            "Projector2gamma1": 2.6,
            "Projector2gamma2": 2.6,
            "Projector2gamma3": 2.6,
            "Header19": "",
            "Projector3blend": 0.7160000205039978,
            "Projector3luminance": 1.0,
            "Projector3gamma1": 1.8,
            "Projector3gamma2": 1.8,
            "Projector3gamma3": 1.8,
            "Header20": "",
            "Projector4blend": 0.12399999797344208,
            "Projector4luminance": 0.527,
            "Projector4gamma1": 1.8,
            "Projector4gamma2": 1.8,
            "Projector4gamma3": 1.8
        }
    }
}